﻿ID,Название,Цена
1,Продукт 1,10.0
2,Продукт 2,11.5
3,Продукт 3,13.0
4,Продукт 4,14.5
5,Продукт 5,16.0
6,Продукт 6,17.5
7,Продукт 7,19.0
8,Продукт 8,20.5
9,Продукт 9,22.0
10,Продукт 10,23.5
11,Продукт 11,25.0
12,Продукт 12,26.5
13,Продукт 13,28.0
14,Продукт 14,29.5
15,Продукт 15,31.0
16,Продукт 16,32.5
17,Продукт 17,34.0
18,Продукт 18,35.5
19,Продукт 19,37.0
20,Продукт 20,38.5
21,Продукт 21,40.0
22,Продукт 22,41.5
23,Продукт 23,43.0
24,Продукт 24,44.5
25,Продукт 25,46.0
26,Продукт 26,47.5
27,Продукт 27,49.0
28,Продукт 28,50.5
29,Продукт 29,52.0
30,Продукт 30,53.5
31,Продукт 31,55.0
32,Продукт 32,56.5
33,Продукт 33,58.0
34,Продукт 34,59.5
35,Продукт 35,61.0
36,Продукт 36,62.5
37,Продукт 37,64.0
38,Продукт 38,65.5
39,Продукт 39,67.0
40,Продукт 40,68.5
41,Продукт 41,70.0
42,Продукт 42,71.5
43,Продукт 43,73.0
44,Продукт 44,74.5
45,Продукт 45,76.0
46,Продукт 46,77.5
47,Продукт 47,79.0
48,Продукт 48,80.5
49,Продукт 49,82.0
50,Продукт 50,83.5
